season,week,rank,player,posteam,score,scored_td,scored_td_redzone
2022,2,1,S.Barkley,NYG,0.8233333333333334,False,False
2022,2,2,Ja.Williams,DET,0.6900000000000001,False,False
2022,2,3,J.Chase,CIN,0.6533333333333333,False,False
2022,2,4,A.Brown,PHI,0.5366666666666666,False,False
2022,2,5,D.Adams,LV,0.5349999999999999,True,True
2022,2,6,K.Hunt,CLE,0.5033333333333333,False,False
2022,2,7,N.Harris,PIT,0.4966666666666667,False,False
2022,2,8,J.Taylor,IND,0.48666666666666664,False,False
2022,2,9,K.Gainwell,PHI,0.47,False,False
2022,2,10,J.Mixon,CIN,0.47,False,False
2022,3,1,J.Chase,CIN,0.7033333333333333,True,True
2022,3,2,D.London,ATL,0.5533333333333333,True,True
2022,3,3,A.Brown,PHI,0.5466666666666666,True,True
2022,3,4,Ja.Williams,DET,0.5433333333333333,True,True
2022,3,5,J.Wilson,SF,0.5316666666666666,False,False
2022,3,6,J.Garoppolo,SF,0.53,False,False
2022,3,7,G.Wilson,NYJ,0.5277272727272727,False,False
2022,3,8,S.Barkley,NYG,0.5049999999999999,True,False
2022,3,9,M.Gordon,DEN,0.49166666666666664,True,True
2022,3,10,K.Gainwell,PHI,0.49,False,False
2022,4,1,J.Chase,CIN,0.6,False,False
2022,4,2,R.Stevenson,NE,0.5583333333333333,False,False
2022,4,3,J.Garoppolo,SF,0.525,False,False
2022,4,4,S.Barkley,NYG,0.5125,False,False
2022,4,5,D.Adams,LV,0.5027777777777778,False,False
2022,4,6,D.London,ATL,0.4833333333333333,False,False
2022,4,7,A.Brown,PHI,0.48229166666666656,False,False
2022,4,8,M.Andrews,BAL,0.4802083333333333,False,False
2022,4,9,J.Williams,DEN,0.4730555555555555,False,False
2022,4,10,D.Pierce,HOU,0.4708333333333333,True,False
2022,5,1,J.Chase,CIN,0.6,False,False
2022,5,2,J.Garoppolo,SF,0.525,False,False
2022,5,3,A.Ekeler,LAC,0.5208333333333333,True,True
2022,5,4,J.Mixon,CIN,0.4979166666666667,False,False
2022,5,5,D.Adams,LV,0.49416666666666664,True,False
2022,5,6,A.Brown,PHI,0.48229166666666656,False,False
2022,5,7,Ja.Williams,DET,0.46749999999999997,False,False
2022,5,8,Mi.Thomas,CIN,0.4666666666666666,False,False
2022,5,9,J.Waddle,MIA,0.46499999999999997,False,False
2022,5,10,Z.Jones,JAX,0.458560606060606,False,False
2022,6,1,T.Kelce,KC,0.5466666666666666,False,False
2022,6,2,J.Garoppolo,SF,0.5321428571428571,False,False
2022,6,3,M.Evans,TB,0.5226190476190475,False,False
2022,6,4,J.Hurts,PHI,0.5190476190476191,False,False
2022,6,5,D.Metcalf,SEA,0.5025132275132275,False,False
2022,6,6,A.Ekeler,LAC,0.5013888888888889,True,True
2022,6,7,D.Adams,LV,0.4767460317460317,False,False
2022,6,8,K.Herbert,CHI,0.4761904761904762,False,False
2022,6,9,J.Waddle,MIA,0.47214285714285714,False,False
2022,6,10,J.Dobbins,BAL,0.4683333333333333,False,False
2022,7,1,M.Gesicki,MIA,0.6814285714285714,False,False
2022,7,2,J.Smith-Schuster,KC,0.6376190476190475,True,False
2022,7,3,T.Thornton,NE,0.6252380952380951,False,False
2022,7,4,D.Adams,LV,0.5171428571428571,False,False
2022,7,5,T.Kelce,KC,0.5138095238095237,False,False
2022,7,6,M.Evans,TB,0.4926190476190476,False,False
2022,7,7,E.Moore,NYJ,0.47857142857142854,False,False
2022,7,8,M.Hollins,LV,0.4616666666666666,True,False
2022,7,9,J.Mixon,CIN,0.45650793650793653,True,True
2022,7,10,K.Hunt,CLE,0.4564285714285714,True,True
2022,8,1,J.Dobbins,BAL,0.6342857142857143,False,False
2022,8,2,T.Thornton,NE,0.5752380952380952,False,False
2022,8,3,E.Moore,NYJ,0.47857142857142854,False,False
2022,8,4,Br.Hall,NYJ,0.47154761904761905,False,False
2022,8,5,J.Smith-Schuster,KC,0.46642857142857136,False,False
2022,8,6,J.Hurts,PHI,0.4585714285714286,False,False
2022,8,7,M.Gesicki,MIA,0.4546428571428571,True,True
2022,8,8,M.Hollins,LV,0.44285714285714284,False,False
2022,8,9,D.Adams,LV,0.4371428571428571,False,False
2022,8,10,J.Mixon,CIN,0.43186507936507934,False,False
2022,9,1,D.Foreman,CAR,0.5857142857142857,False,False
2022,9,2,E.Moore,NYJ,0.47857142857142854,False,False
2022,9,3,T.Thornton,NE,0.47705627705627707,False,False
2022,9,4,J.Meyers,NE,0.45990259740259737,False,False
2022,9,5,E.St. Brown,CHI,0.45714285714285713,False,False
2022,9,6,C.Davis,NYJ,0.41428571428571426,False,False
2022,9,7,M.Johnson,NYG,0.39506493506493506,False,False
2022,9,8,R.Anderson,CAR,0.39285714285714285,False,False
2022,9,9,J.Smith-Schuster,KC,0.3682467532467532,False,False
2022,9,10,M.Gaskin,MIA,0.3599025974025974,False,False
2022,10,1,D.London,ATL,0.6583333333333332,True,True
2022,10,2,J.Mixon,CIN,0.6233333333333333,False,False
2022,10,3,T.Thornton,NE,0.6166666666666667,False,False
2022,10,4,D.Foreman,CAR,0.5433333333333332,True,True
2022,10,5,Br.Hall,NYJ,0.47500000000000003,False,False
2022,10,6,T.Etienne,JAX,0.47500000000000003,False,False
2022,10,7,E.St. Brown,CHI,0.475,False,False
2022,10,8,M.Johnson,NYG,0.44749999999999995,False,False
2022,10,9,R.Stevenson,NE,0.4458333333333333,False,False
2022,10,10,J.Wilson,MIA,0.44166666666666665,True,True
2022,11,1,J.Mixon,CIN,0.6975,False,False
2022,11,2,M.Johnson,NYG,0.615,False,False
2022,11,3,E.Mitchell,SF,0.5674999999999999,False,False
2022,11,4,E.St. Brown,CHI,0.475,False,False
2022,11,5,M.Pittman,IND,0.44999999999999996,False,False
2022,11,6,J.Taylor,IND,0.4425,True,True
2022,11,7,K.Pitts,ATL,0.42416666666666664,False,False
2022,11,8,E.Elliott,DAL,0.42,True,True
2022,11,9,D.London,ATL,0.405,True,True
2022,11,10,L.Cager,NYG,0.39999999999999997,False,False
2022,12,1,J.Mixon,CIN,0.8,False,False
2022,12,2,E.Mitchell,SF,0.5541666666666666,False,False
2022,12,3,C.McCaffrey,SF,0.5479166666666667,False,False
2022,12,4,M.Pittman,IND,0.4666666666666666,True,True
2022,12,5,J.Taylor,IND,0.4527777777777778,True,True
2022,12,6,K.Drake,BAL,0.4427083333333333,False,False
2022,12,7,D.London,ATL,0.4361111111111111,False,False
2022,12,8,K.Pitts,ATL,0.4333333333333333,False,False
2022,12,9,A.Ekeler,LAC,0.4263888888888889,True,True
2022,12,10,J.Jeudy,DEN,0.39999999999999997,False,False
2022,13,1,J.Mixon,CIN,0.8,False,False
2022,13,2,K.Drake,BAL,0.5833333333333333,False,False
2022,13,3,J.Taylor,IND,0.49722222222222223,False,False
2022,13,4,M.Andrews,BAL,0.44999999999999996,False,False
2022,13,5,D.London,ATL,0.4361111111111111,False,False
2022,13,6,A.Ekeler,LAC,0.4235416666666667,False,False
2022,13,7,Ja.Williams,DET,0.40625,True,True
2022,13,8,T.Kelce,KC,0.3897222222222222,False,False
2022,13,9,D.Schultz,DAL,0.37777777777777777,False,False
2022,13,10,E.Saubert,DEN,0.375,False,False
2022,14,1,C.McCaffrey,SF,0.6169444444444443,True,False
2022,14,2,J.Taylor,IND,0.57625,False,False
2022,14,3,M.Andrews,BAL,0.53,False,False
2022,14,4,D.Swift,DET,0.4978125,False,False
2022,14,5,Ja.Williams,DET,0.495,False,False
2022,14,6,G.Wilson,NYJ,0.49125,False,False
2022,14,7,G.Edwards,BAL,0.48,False,False
2022,14,8,T.Kelce,KC,0.47541666666666665,False,False
2022,14,9,D.Singletary,BUF,0.46097222222222217,False,False
2022,14,10,A.Ekeler,LAC,0.4535416666666667,True,True
2022,15,1,A.Ekeler,LAC,0.5860416666666667,True,True
2022,15,2,D.Foreman,CAR,0.55,False,False
2022,15,3,E.Elliott,DAL,0.5158333333333334,True,True
2022,15,4,I.Pacheco,KC,0.5083333333333334,False,False
2022,15,5,G.Wilson,NYJ,0.5020833333333332,False,False
2022,15,6,L.Thomas,WAS,0.49166666666666664,False,False
2022,15,7,D.Swift,DET,0.48864583333333333,False,False
2022,15,8,T.Kelce,KC,0.48020833333333335,False,False
2022,15,9,Ja.Williams,DET,0.47777777777777775,False,False
2022,15,10,C.McCaffrey,SF,0.46944444444444444,True,True
2022,16,1,Z.Moss,IND,0.5714285714285714,False,False
2022,16,2,R.Gage,TB,0.4515178571428571,False,False
2022,16,3,Z.Pascal,PHI,0.44999999999999996,False,False
2022,16,4,A.Ekeler,LAC,0.4351488095238095,True,True
2022,16,5,Ja.Williams,DET,0.43452380952380953,False,False
2022,16,6,E.Elliott,DAL,0.43250000000000005,True,True
2022,16,7,D.Jackson,IND,0.43095238095238086,False,False
2022,16,8,F.Moreau,LV,0.42857142857142855,False,False
2022,16,9,D.Cook,MIN,0.428125,False,False
2022,16,10,T.Thornton,NE,0.425,False,False
2022,17,1,Z.Moss,IND,0.5634920634920635,False,False
2022,17,2,A.Ekeler,LAC,0.5419146825396826,True,True
2022,17,3,D.Samuel,SF,0.5,False,False
2022,17,4,C.McCaffrey,SF,0.4726190476190476,True,True
2022,17,5,E.Elliott,DAL,0.47124999999999995,True,True
2022,17,6,A.St. Brown,DET,0.46185185185185185,False,False
2022,17,7,R.Gage,TB,0.45072420634920635,False,False
2022,17,8,S.Zylstra,DET,0.44563492063492066,False,False
2022,17,9,A.Lazard,GB,0.4446608946608946,False,False
2022,17,10,Z.Pascal,PHI,0.43571428571428567,False,False
2022,18,1,A.Ekeler,LAC,0.5981845238095238,False,False
2022,18,2,D.Samuel,SF,0.5142857142857142,False,False
2022,18,3,A.Lazard,GB,0.5141558441558441,True,True
2022,18,4,B.Aiyuk,SF,0.5114285714285715,False,False
2022,18,5,C.Watson,GB,0.4827272727272727,False,False
2022,18,6,E.Elliott,DAL,0.48,False,False
2022,18,7,T.Allgeier,ATL,0.4604761904761905,False,False
2022,18,8,S.Zylstra,DET,0.45642857142857146,False,False
2022,18,9,D.Jackson,IND,0.4538095238095238,True,False
2022,18,10,A.St. Brown,DET,0.4476190476190475,False,False
2022,19,1,B.Aiyuk,SF,0.492051282051282,False,False
2022,19,2,N.Brown,DAL,0.46897435897435896,False,False
2022,19,3,G.Kittle,SF,0.4662393162393162,False,False
2022,19,4,D.Moore,CAR,0.46410256410256406,False,False
2022,19,5,C.Watson,GB,0.4483682983682984,False,False
2022,19,6,A.Ekeler,LAC,0.43512820512820505,True,True
2022,19,7,Ja.Williams,DET,0.43509615384615385,False,False
2022,19,8,K.Drake,BAL,0.4328205128205128,False,False
2022,19,9,C.Kmet,CHI,0.43141025641025643,False,False
2022,19,10,B.Wright,DET,0.4301282051282051,False,False
2022,20,1,C.McCaffrey,SF,0.5101282051282052,True,True
2022,20,2,A.Ekeler,LAC,0.48041666666666666,False,False
2022,20,3,D.Moore,CAR,0.4787179487179487,False,False
2022,20,4,Ja.Williams,DET,0.477051282051282,False,False
2022,20,5,E.Mitchell,SF,0.4684615384615385,False,False
2022,20,6,J.Akins,HOU,0.4592307692307692,False,False
2022,20,7,T.Allgeier,ATL,0.45358974358974363,False,False
2022,20,8,A.Mattison,MIN,0.4523076923076923,False,False
2022,20,9,S.Zylstra,DET,0.4503846153846154,False,False
2022,20,10,C.Watson,GB,0.4477622377622378,False,False
2022,21,1,J.Jones,TB,0.5942307692307691,False,False
2022,21,2,N.Harris,PIT,0.5449999999999999,False,False
2022,21,3,Ja.Williams,DET,0.48653846153846153,False,False
2022,21,4,T.Kelce,KC,0.4773076923076924,True,True
2022,21,5,J.Akins,HOU,0.44397435897435894,False,False
2022,21,6,B.Wright,DET,0.4378205128205128,False,False
2022,21,7,C.Kmet,CHI,0.43141025641025643,False,False
2022,21,8,T.McLaurin,WAS,0.4273076923076923,False,False
2022,21,9,K.Allen,LAC,0.42538461538461536,False,False
2022,21,10,T.Allgeier,ATL,0.41826923076923084,False,False
2022,22,1,N.Harris,PIT,0.55,False,False
2022,22,2,J.Jones,TB,0.531043956043956,False,False
2022,22,3,Ja.Williams,DET,0.4714285714285714,False,False
2022,22,4,C.Kmet,CHI,0.46785714285714286,False,False
2022,22,5,D.Metcalf,SEA,0.44285714285714284,False,False
2022,22,6,D.Johnson,PIT,0.4357142857142857,False,False
2022,22,7,J.Akins,HOU,0.4207142857142857,False,False
2022,22,8,T.McLaurin,WAS,0.4207142857142857,False,False
2022,22,9,Mi.Carter,NYJ,0.41785714285714287,False,False
2022,22,10,Z.Moss,IND,0.4071428571428571,False,False
2023,2,1,T.Pollard,DAL,0.6475,False,False
2023,2,2,A.Ekeler,LAC,0.5967857142857143,False,False
2023,2,3,B.Robinson,WAS,0.5910714285714285,True,True
2023,2,4,K.Williams,LA,0.565,True,True
2023,2,5,Z.Flowers,BAL,0.5639285714285713,False,False
2023,2,6,T.Hill,MIA,0.5341269841269841,True,True
2023,2,7,J.Ferguson,DAL,0.5089285714285714,True,True
2023,2,8,B.Robinson,ATL,0.47321428571428564,False,False
2023,2,9,J.Meyers,LV,0.4707142857142857,False,False
2023,2,10,A.Mattison,MIN,0.44642857142857145,False,False
2023,3,1,T.Pollard,DAL,0.6765909090909091,False,False
2023,3,2,K.Williams,LA,0.5631818181818181,False,False
2023,3,3,A.Ekeler,LAC,0.5321212121212121,False,False
2023,3,4,L.Murray,BUF,0.4651515151515152,True,True
2023,3,5,T.Kelce,KC,0.4481818181818181,True,True
2023,3,6,J.Ferguson,DAL,0.4465909090909091,False,False
2023,3,7,A.Brown,PHI,0.44545454545454544,False,False
2023,3,8,D.Swift,PHI,0.44545454545454544,False,False
2023,3,9,J.Meyers,LV,0.4448484848484849,False,False
2023,3,10,B.Robinson,WAS,0.43181818181818177,False,False
2023,4,1,D.Achane,MIA,0.6186666666666667,True,True
2023,4,2,T.Pollard,DAL,0.5672222222222222,False,False
2023,4,3,K.Williams,LA,0.545111111111111,True,True
2023,4,4,A.Ekeler,LAC,0.5166666666666667,False,False
2023,4,5,A.Brown,PHI,0.4373333333333333,True,False
2023,4,6,D.Smith,PHI,0.41666666666666663,False,False
2023,4,7,J.Ford,CLE,0.40683333333333327,False,False
2023,4,8,L.Murray,BUF,0.3905757575757575,False,False
2023,4,9,R.Johnson,CHI,0.37466666666666665,False,False
2023,4,10,T.Higgins,CIN,0.37466666666666665,False,False
2023,5,1,A.Ekeler,LAC,0.550952380952381,False,False
2023,5,2,T.Pollard,DAL,0.5383333333333333,False,False
2023,5,3,D.Achane,MIA,0.5273809523809524,True,False
2023,5,4,K.Williams,LA,0.503452380952381,False,False
2023,5,5,J.Dotson,WAS,0.4785714285714285,False,False
2023,5,6,A.Brown,PHI,0.4476190476190476,False,False
2023,5,7,C.McCaffrey,SF,0.42988095238095236,True,True
2023,5,8,D.Smith,PHI,0.41666666666666663,False,False
2023,5,9,J.Ford,CLE,0.41369047619047616,False,False
2023,5,10,L.Murray,BUF,0.4111471861471861,False,False
2023,6,1,T.Pollard,DAL,0.5672222222222222,False,False
2023,6,2,C.McCaffrey,SF,0.5432738095238094,True,True
2023,6,3,D.Montgomery,DET,0.5404761904761904,False,False
2023,6,4,J.Dotson,WAS,0.5035714285714286,False,False
2023,6,5,L.Murray,BUF,0.4736471861471861,False,False
2023,6,6,K.Walker,SEA,0.4722222222222222,True,True
2023,6,7,A.Kamara,NO,0.4702380952380952,False,False
2023,6,8,M.Brown,ARI,0.4678571428571428,False,False
2023,6,9,D.Achane,MIA,0.4666666666666667,False,False
2023,6,10,J.Ford,CLE,0.45119047619047614,False,False
2023,7,1,S.Barkley,NYG,0.6083333333333333,True,False
2023,7,2,C.McCaffrey,SF,0.5483333333333333,True,True
2023,7,3,A.Ekeler,LAC,0.5333333333333333,False,False
2023,7,4,J.Ford,CLE,0.4833333333333333,True,False
2023,7,5,J.Dotson,WAS,0.4666666666666666,False,False
2023,7,6,D.Montgomery,DET,0.4222222222222222,False,False
2023,7,7,P.Campbell,NYG,0.41666666666666663,False,False
2023,7,8,C.Turner,WAS,0.4124999999999999,False,False
2023,7,9,D.Achane,MIA,0.4111111111111111,False,False
2023,7,10,K.Walker,SEA,0.40555555555555556,False,False
2023,8,1,C.McCaffrey,SF,0.6554411764705882,True,True
2023,8,2,D.Montgomery,DET,0.6166666666666667,False,False
2023,8,3,A.Kamara,NO,0.5721765979118919,True,True
2023,8,4,Z.Moss,IND,0.5535784313725489,True,True
2023,8,5,K.Walker,SEA,0.5127450980392156,False,False
2023,8,6,D.Njoku,CLE,0.507703081232493,True,True
2023,8,7,S.Barkley,NYG,0.49653361344537816,False,False
2023,8,8,J.Jacobs,LV,0.47287931839402425,True,True
2023,8,9,J.Downs,IND,0.45953781512605046,False,False
2023,8,10,J.Waddle,MIA,0.4573342670401494,True,False
2023,9,1,A.Kamara,NO,0.6777963458110516,False,False
2023,9,2,J.Mixon,CIN,0.6072984749455337,True,True
2023,9,3,D.Njoku,CLE,0.5475490196078431,True,True
2023,9,4,K.Juszczyk,SF,0.5308823529411765,False,False
2023,9,5,S.Barkley,NYG,0.49166666666666664,False,False
2023,9,6,J.Waddle,MIA,0.49132897603485837,False,False
2023,9,7,C.McCaffrey,SF,0.48330882352941174,False,False
2023,9,8,J.Downs,IND,0.4738235294117647,False,False
2023,9,9,K.Walker,SEA,0.4504901960784314,False,False
2023,9,10,N.Brown,HOU,0.44460784313725493,True,False
2023,10,1,A.Kamara,NO,0.5684090909090909,False,False
2023,10,2,K.Williams,LA,0.56,False,False
2023,10,3,D.Njoku,CLE,0.48444444444444446,True,False
2023,10,4,J.Downs,IND,0.475,False,False
2023,10,5,T.Hill,NO,0.4729545454545454,False,False
2023,10,6,C.McCaffrey,SF,0.4583333333333333,False,False
2023,10,7,T.Hill,MIA,0.4577777777777778,False,False
2023,10,8,L.Musgrave,GB,0.44999999999999996,False,False
2023,10,9,D.Ridder,ATL,0.44,True,True
2023,10,10,K.Walker,SEA,0.4316666666666667,True,False
2023,11,1,S.Shepard,NYG,0.5858134920634921,False,False
2023,11,2,T.Hill,NO,0.584944684944685,False,False
2023,11,3,J.Conner,ARI,0.5837301587301587,False,False
2023,11,4,A.Kamara,NO,0.5315340909090909,False,False
2023,11,5,N.Dell,HOU,0.5130456349206349,True,False
2023,11,6,C.McCaffrey,SF,0.5075529100529101,True,True
2023,11,7,D.Montgomery,DET,0.4965277777777778,True,True
2023,11,8,J.Gibbs,DET,0.4946759259259259,True,True
2023,11,9,J.Williams,DEN,0.4806283068783068,False,False
2023,11,10,D.Metcalf,SEA,0.46785714285714286,True,True
2023,12,1,T.Hill,NO,0.5797619047619047,False,False
2023,12,2,C.McCaffrey,SF,0.5593528693528693,True,True
2023,12,3,J.Smith,ATL,0.527106227106227,False,False
2023,12,4,A.St. Brown,DET,0.5232417582417582,False,False
2023,12,5,J.Williams,DEN,0.5062362637362636,False,False
2023,12,6,K.Allen,LAC,0.4658424908424908,False,False
2023,12,7,N.Dell,HOU,0.4605349511599512,False,False
2023,12,8,J.Simmons,TEN,0.43809523809523804,False,False
2023,12,9,D.Metcalf,SEA,0.4188873626373626,False,False
2023,12,10,S.Shepard,NYG,0.4085164835164835,False,False
2023,13,1,K.Williams,LA,0.6717261904761904,True,True
2023,13,2,C.McCaffrey,SF,0.6511111111111111,True,True
2023,13,3,J.Smith,ATL,0.5309523809523808,False,False
2023,13,4,D.Henderson,LA,0.5142857142857142,False,False
2023,13,5,K.Allen,LAC,0.4773809523809523,False,False
2023,13,6,N.Dell,HOU,0.4720734126984127,False,False
2023,13,7,J.Simmons,TEN,0.43809523809523804,False,False
2023,13,8,J.Downs,IND,0.4273809523809523,False,False
2023,13,9,R.Johnson,CHI,0.4214285714285714,False,False
2023,13,10,S.Shepard,NYG,0.41428571428571426,False,False
2023,14,1,K.Williams,LA,0.6831845238095238,False,False
2023,14,2,N.Dell,HOU,0.5525595238095238,False,False
2023,14,3,C.McCaffrey,SF,0.513452380952381,False,False
2023,14,4,D.Henderson,LA,0.48428571428571426,False,False
2023,14,5,C.Lamb,DAL,0.46296130952380954,True,True
2023,14,6,Z.Flowers,BAL,0.4595238095238095,True,False
2023,14,7,D.Metcalf,SEA,0.4509523809523809,True,False
2023,14,8,J.Simmons,TEN,0.43809523809523804,False,False
2023,14,9,Z.Moss,IND,0.43476190476190474,False,False
2023,14,10,T.McBride,ARI,0.41619047619047617,False,False
2023,15,1,K.Williams,LA,0.6133928571428571,True,True
2023,15,2,D.Moore,CHI,0.5738095238095238,False,False
2023,15,3,Z.Moss,IND,0.5174603174603174,True,True
2023,15,4,D.Henderson,LA,0.5142857142857142,False,False
2023,15,5,J.Taylor,IND,0.4857142857142857,False,False
2023,15,6,J.Mixon,CIN,0.46205357142857145,True,True
2023,15,7,D.Metcalf,SEA,0.4609523809523809,False,False
2023,15,8,D.Hopkins,TEN,0.4448809523809523,False,False
2023,15,9,K.Walker,SEA,0.44285714285714284,True,False
2023,15,10,I.Pacheco,KC,0.43920634920634916,False,False
2023,16,1,K.Williams,LA,0.5939732142857143,True,True
2023,16,2,D.Moore,CHI,0.5658385093167702,False,False
2023,16,3,G.Edwards,BAL,0.546583850931677,True,True
2023,16,4,A.Jones,GB,0.5403338509316771,False,False
2023,16,5,I.Pacheco,KC,0.5219565217391304,True,True
2023,16,6,R.Mostert,MIA,0.4560170807453416,True,True
2023,16,7,K.Walker,SEA,0.4450310559006211,False,False
2023,16,8,J.Taylor,IND,0.44440993788819877,True,True
2023,16,9,D.Hopkins,TEN,0.4325621118012422,False,False
2023,16,10,C.Samuel,WAS,0.4305383022774327,False,False
2023,17,1,K.Williams,LA,0.5915178571428571,True,True
2023,17,2,D.Moore,CHI,0.5562857142857143,True,True
2023,17,3,A.Jones,GB,0.5384464285714285,False,False
2023,17,4,Z.Moss,IND,0.5093362193362193,False,False
2023,17,5,R.Mostert,MIA,0.5074761904761905,False,False
2023,17,6,J.Mixon,CIN,0.496952380952381,True,True
2023,17,7,G.Edwards,BAL,0.47514285714285714,True,True
2023,17,8,D.Chark,CAR,0.46228571428571424,False,False
2023,17,9,C.Kupp,LA,0.44236201298701305,True,True
2023,17,10,D.Hopkins,TEN,0.43135714285714283,False,False
2023,18,1,R.Mostert,MIA,0.6028860028860029,False,False
2023,18,2,E.Mitchell,SF,0.5798701298701299,True,True
2023,18,3,J.Mixon,CIN,0.5636904761904762,True,True
2023,18,4,G.Edwards,BAL,0.48809523809523814,False,False
2023,18,5,D.Chark,CAR,0.4688311688311688,False,False
2023,18,6,K.Williams,LA,0.4603896103896104,False,False
2023,18,7,C.Kupp,LA,0.44637445887445887,False,False
2023,18,8,A.Jones,GB,0.44531926406926403,False,False
2023,18,9,J.Conner,ARI,0.4428300865800865,True,False
2023,18,10,D.Moore,CHI,0.4411255411255411,False,False
2023,19,1,R.Mostert,MIA,0.6528860028860028,False,False
2023,19,2,E.Mitchell,SF,0.5857142857142857,False,False
2023,19,3,N.Harris,PIT,0.4990620490620491,False,False
2023,19,4,K.Williams,LA,0.49211159211159206,False,False
2023,19,5,J.Mixon,CIN,0.48290043290043283,False,False
2023,19,6,C.McCaffrey,SF,0.4794733044733045,False,False
2023,19,7,G.Edwards,BAL,0.46957671957671965,False,False
2023,19,8,D.Chark,CAR,0.4688311688311688,False,False
2023,19,9,A.Jones,GB,0.4258815836940837,True,True
2023,19,10,M.Pittman,IND,0.41428571428571426,False,False
2023,20,1,E.Mitchell,SF,0.5726708074534161,False,False
2023,20,2,A.Cooper,CLE,0.5567115251897861,False,False
2023,20,3,J.Mixon,CIN,0.5184725097768575,False,False
2023,20,4,N.Harris,PIT,0.5180555555555555,False,False
2023,20,5,Mi.Wilson,ARI,0.5162525879917184,False,False
2023,20,6,I.Pacheco,KC,0.5010783298826776,True,True
2023,20,7,C.Kupp,LA,0.48484472049689437,False,False
2023,20,8,C.McCaffrey,SF,0.481084917497961,True,True
2023,20,9,D.Chark,CAR,0.4664596273291925,False,False
2023,20,10,B.Robinson,ATL,0.4645531400966184,False,False
2023,21,1,C.McCaffrey,SF,0.5509848484848484,True,True
2023,21,2,N.Harris,PIT,0.5473544973544973,False,False
2023,21,3,E.Mitchell,SF,0.5332142857142858,True,True
2023,21,4,I.Pacheco,KC,0.531441798941799,True,True
2023,21,5,Mi.Wilson,ARI,0.5019047619047619,False,False
2023,21,6,J.Mixon,CIN,0.49539682539682534,False,False
2023,21,7,D.Samuel,SF,0.4906782106782107,False,False
2023,21,8,D.Adams,LV,0.47433531746031743,False,False
2023,21,9,J.Conner,ARI,0.43531746031746027,False,False
2023,21,10,M.Pittman,IND,0.41428571428571426,False,False
2023,22,1,A.Jones,GB,0.5398809523809524,False,False
2023,22,2,N.Harris,PIT,0.5376488095238094,False,False
2023,22,3,C.Kupp,LA,0.5344642857142857,False,False
2023,22,4,T.Hill,MIA,0.49434523809523806,False,False
2023,22,5,D.Adams,LV,0.48511904761904756,False,False
2023,22,6,I.Pacheco,KC,0.48482142857142857,False,False
2023,22,7,J.Mixon,CIN,0.47261904761904755,False,False
2023,22,8,C.Lamb,DAL,0.4525027056277056,False,False
2023,22,9,J.Williams,NO,0.4520833333333333,False,False
2023,22,10,C.McCaffrey,SF,0.45178571428571423,True,False
2024,2,1,S.Barkley,PHI,0.6708333333333333,False,False
2024,2,2,J.Jacobs,GB,0.5125,False,False
2024,2,3,L.McCaffrey,WAS,0.5041666666666667,False,False
2024,2,4,J.Gibbs,DET,0.47916666666666663,False,False
2024,2,5,M.Evans,TB,0.4766666666666666,False,False
2024,2,6,S.Diggs,HOU,0.4541666666666666,False,False
2024,2,7,J.Taylor,IND,0.44999999999999996,False,False
2024,2,8,T.Etienne,JAX,0.4416666666666666,True,True
2024,2,9,A.Kamara,NO,0.4375,True,True
2024,2,10,J.Mixon,HOU,0.4375,False,False
2024,3,1,S.Barkley,PHI,0.6458333333333333,True,True
2024,3,2,T.Irwin,CIN,0.6294444444444445,False,False
2024,3,3,K.Williams,LA,0.595,True,True
2024,3,4,R.Stevenson,NE,0.54375,False,False
2024,3,5,L.McCaffrey,WAS,0.5066666666666666,False,False
2024,3,6,Q.Johnston,LAC,0.49166666666666664,True,False
2024,3,7,A.Kamara,NO,0.48916666666666664,False,False
2024,3,8,M.Evans,TB,0.48166666666666663,False,False
2024,3,9,J.Gibbs,DET,0.47916666666666663,False,False
2024,3,10,T.Etienne,JAX,0.47375,False,False
2024,4,1,K.Williams,LA,0.6388888888888888,True,True
2024,4,2,T.Irwin,CIN,0.5908730158730158,False,False
2024,4,3,S.Barkley,PHI,0.5821428571428571,False,False
2024,4,4,N.Collins,HOU,0.5535714285714285,True,True
2024,4,5,R.Stevenson,NE,0.5344642857142857,False,False
2024,4,6,L.McCaffrey,WAS,0.4928571428571428,False,False
2024,4,7,T.Higgins,CIN,0.4919642857142857,False,False
2024,4,8,Q.Johnston,LAC,0.475,False,False
2024,4,9,J.Reed,GB,0.475,True,True
2024,4,10,A.Dulin,IND,0.475,False,False
2024,5,1,T.Irwin,CIN,0.6614444444444445,False,False
2024,5,2,K.Williams,LA,0.6416666666666666,True,True
2024,5,3,S.Barkley,PHI,0.5545833333333333,False,False
2024,5,4,N.Collins,HOU,0.5416666666666666,True,False
2024,5,5,A.Jones,MIN,0.5294166666666666,False,False
2024,5,6,C.Hubbard,CAR,0.5264166666666666,True,False
2024,5,7,L.McCaffrey,WAS,0.5146666666666666,False,False
2024,5,8,A.Dulin,IND,0.49166666666666664,False,False
2024,5,9,Q.Johnston,LAC,0.49166666666666664,False,False
2024,5,10,B.Whiteheart,CLE,0.48966666666666664,False,False
2024,6,1,T.Irwin,CIN,0.6694444444444444,False,False
2024,6,2,E.Gray,NYG,0.665,False,False
2024,6,3,A.Jones,MIN,0.6394444444444445,False,False
2024,6,4,K.Williams,LA,0.6,False,False
2024,6,5,I.Pacheco,KC,0.5700000000000001,False,False
2024,6,6,N.Collins,HOU,0.5466666666666666,False,False
2024,6,7,Z.Ertz,WAS,0.5108333333333333,False,False
2024,6,8,S.Barkley,PHI,0.4958333333333333,False,False
2024,6,9,A.Dulin,IND,0.49166666666666664,False,False
2024,6,10,B.Whiteheart,CLE,0.49166666666666664,False,False
2024,7,1,J.Mixon,HOU,0.6757142857142857,True,True
2024,7,2,A.Jones,MIN,0.6276190476190475,True,False
2024,7,3,E.Gray,NYG,0.5685714285714285,False,False
2024,7,4,C.Steele,KC,0.5642857142857143,False,False
2024,7,5,N.Collins,HOU,0.48,False,False
2024,7,6,B.Whiteheart,CLE,0.46428571428571425,False,False
2024,7,7,A.Dulin,IND,0.46428571428571425,False,False
2024,7,8,K.Williams,LA,0.44880952380952377,True,True
2024,7,9,J.Taylor,IND,0.42142857142857143,False,False
2024,7,10,K.Herbert,CHI,0.40324675324675324,False,False
2024,8,1,A.Jones,MIN,0.7290476190476189,False,False
2024,8,2,J.Mixon,HOU,0.645,True,True
2024,8,3,E.Gray,NYG,0.6185714285714284,False,False
2024,8,4,J.Tolbert,DAL,0.5361904761904761,False,False
2024,8,5,K.Hunt,KC,0.5095238095238095,True,True
2024,8,6,J.Taylor,IND,0.49999999999999994,True,True
2024,8,7,G.Pickens,PIT,0.4825396825396825,False,False
2024,8,8,B.Whiteheart,CLE,0.4809523809523809,False,False
2024,8,9,T.Allgeier,ATL,0.4659226190476191,False,False
2024,8,10,J.Meyers,LV,0.4357142857142857,True,True
2024,9,1,E.Gray,NYG,0.672142857142857,False,False
2024,9,2,K.Hunt,KC,0.6241071428571429,True,True
2024,9,3,Z.Charbonnet,SEA,0.5866071428571428,False,False
2024,9,4,J.Mixon,HOU,0.5657142857142857,True,True
2024,9,5,J.Tolbert,DAL,0.5629761904761904,True,True
2024,9,6,S.LaPorta,DET,0.5425595238095238,False,False
2024,9,7,J.Fields,PIT,0.500297619047619,False,False
2024,9,8,R.Stevenson,NE,0.4799107142857142,True,True
2024,9,9,C.Olave,NO,0.463095238095238,False,False
2024,9,10,D.Smith,PHI,0.45714285714285713,True,False
2024,10,1,K.Hunt,KC,0.6320436507936507,False,False
2024,10,2,Z.Charbonnet,SEA,0.5399624060150375,False,False
2024,10,3,S.LaPorta,DET,0.5092481203007518,True,True
2024,10,4,R.Stevenson,NE,0.5029558270676692,False,False
2024,10,5,J.Mixon,HOU,0.4690413533834586,True,True
2024,10,6,J.Fields,PIT,0.44255639097744354,False,False
2024,10,7,C.Olave,NO,0.43866541353383454,False,False
2024,10,8,D.Achane,MIA,0.4166228070175439,False,False
2024,10,9,K.Williams,LA,0.4040288220551379,False,False
2024,10,10,S.Barkley,PHI,0.39360902255639096,False,False
2024,11,1,K.Hunt,KC,0.6226041666666667,False,False
2024,11,2,B.Bowers,LV,0.5405769230769231,True,False
2024,11,3,Z.Charbonnet,SEA,0.5296153846153846,False,False
2024,11,4,R.Stevenson,NE,0.47785256410256405,False,False
2024,11,5,T.Bigsby,JAX,0.4673076923076923,False,False
2024,11,6,C.Olave,NO,0.42903846153846154,False,False
2024,11,7,S.LaPorta,DET,0.42743589743589744,False,False
2024,11,8,C.Samuel,BUF,0.425,True,True
2024,11,9,Z.Flowers,BAL,0.42333333333333334,True,True
2024,11,10,A.Kamara,NO,0.42278846153846156,False,False
2024,12,1,Z.Charbonnet,SEA,0.5678571428571427,False,False
2024,12,2,K.Hunt,KC,0.5560565476190477,False,False
2024,12,3,R.Stevenson,NE,0.5554315476190477,False,False
2024,12,4,J.Mixon,HOU,0.5053571428571428,False,False
2024,12,5,T.Fisk,LAC,0.5023809523809524,False,False
2024,12,6,D.Achane,MIA,0.4554232804232804,True,True
2024,12,7,C.Olave,NO,0.450595238095238,False,False
2024,12,8,J.Conner,ARI,0.44523809523809527,False,False
2024,12,9,S.LaPorta,DET,0.43571428571428567,False,False
2024,12,10,C.Brown,CIN,0.4266481782106782,False,False
2024,13,1,C.Hubbard,CAR,0.593452380952381,False,False
2024,13,2,K.Hunt,KC,0.5169444444444444,False,False
2024,13,3,T.Fisk,LAC,0.5023809523809524,False,False
2024,13,4,J.Mixon,HOU,0.49464285714285716,True,True
2024,13,5,R.Stevenson,NE,0.49107142857142855,False,False
2024,13,6,C.Brown,CIN,0.48606000481000483,True,True
2024,13,7,D.Adams,NYJ,0.48174603174603176,True,True
2024,13,8,D.Achane,MIA,0.4470105820105819,True,True
2024,13,9,S.Barkley,PHI,0.4396428571428571,True,False
2024,13,10,N.Chubb,CLE,0.43690476190476185,True,True
2024,14,1,J.Jacobs,GB,0.5857142857142857,True,True
2024,14,2,R.Stevenson,NE,0.5244791666666666,False,False
2024,14,3,C.Hubbard,CAR,0.5202380952380953,True,True
2024,14,4,T.Fisk,LAC,0.5107142857142857,False,False
2024,14,5,J.Brooks,CAR,0.48571428571428565,False,False
2024,14,6,N.Chubb,CLE,0.48125,False,False
2024,14,7,D.Njoku,CLE,0.477202380952381,True,True
2024,14,8,J.Mixon,HOU,0.4654761904761905,False,False
2024,14,9,J.Chase,CIN,0.46050384800384797,True,True
2024,14,10,J.Taylor,IND,0.45142857142857146,False,False
2024,15,1,C.Hubbard,CAR,0.6408333333333333,False,False
2024,15,2,S.McCormick,LV,0.5622058823529412,False,False
2024,15,3,J.Jacobs,GB,0.5529411764705882,True,True
2024,15,4,D.Achane,MIA,0.5331372549019607,False,False
2024,15,5,T.Fisk,LAC,0.505,False,False
2024,15,6,Z.Ertz,WAS,0.4922549019607843,False,False
2024,15,7,R.Stevenson,NE,0.48800653594771237,False,False
2024,15,8,D.Njoku,CLE,0.4832720588235294,False,False
2024,15,9,B.Irving,TB,0.4757352941176471,False,False
2024,15,10,N.Chubb,CLE,0.4696691176470588,False,False
2024,16,1,D.Njoku,CLE,0.6666666666666667,False,False
2024,16,2,C.Hubbard,CAR,0.6533333333333333,True,True
2024,16,3,S.McCormick,LV,0.5766666666666667,False,False
2024,16,4,K.Walker,SEA,0.5655555555555556,False,False
2024,16,5,B.Robinson,ATL,0.5613888888888889,True,True
2024,16,6,Z.Ertz,WAS,0.5441666666666666,False,False
2024,16,7,T.McLaurin,WAS,0.5441666666666666,True,False
2024,16,8,J.Jacobs,GB,0.54375,True,True
2024,16,9,J.Conner,ARI,0.5296296296296297,True,True
2024,16,10,D.Adams,NYJ,0.5085185185185185,True,True
2024,17,1,B.Robinson,ATL,0.5144444444444445,True,True
2024,17,2,S.McCormick,LV,0.4975,False,False
2024,17,3,D.Montgomery,DET,0.496875,False,False
2024,17,4,J.Taylor,IND,0.49,True,True
2024,17,5,C.Hubbard,CAR,0.4866666666666667,False,False
2024,17,6,J.Meyers,LV,0.455,True,True
2024,17,7,C.McCaffrey,SF,0.455,False,False
2024,17,8,D.Goedert,PHI,0.43999999999999995,False,False
2024,17,9,S.Shepard,TB,0.435,False,False
2024,17,10,J.Gibbs,DET,0.4342708333333333,True,False
2024,18,1,C.Hubbard,CAR,0.6495535714285714,False,False
2024,18,2,B.Robinson,ATL,0.5368055555555555,True,True
2024,18,3,J.Taylor,IND,0.5258928571428572,True,True
2024,18,4,J.Dobbins,LAC,0.5232142857142856,False,False
2024,18,5,H.Henry,NE,0.5125,False,False
2024,18,6,J.Meyers,LV,0.4964285714285714,True,False
2024,18,7,S.McCormick,LV,0.48794642857142856,False,False
2024,18,8,D.Montgomery,DET,0.45714285714285713,False,False
2024,18,9,A.St. Brown,DET,0.45585317460317454,False,False
2024,18,10,C.Brown,CIN,0.4422056242368742,False,False
2024,19,1,J.Hurts,PHI,0.6071428571428571,False,False
2024,19,2,C.Hubbard,CAR,0.5432142857142858,False,False
2024,19,3,B.Robinson,ATL,0.5239285714285714,False,False
2024,19,4,B.Cooks,DAL,0.5196428571428571,False,False
2024,19,5,J.Dobbins,LAC,0.4591071428571428,False,False
2024,19,6,H.Henry,NE,0.4492857142857143,False,False
2024,19,7,C.Brown,CIN,0.4390669515669515,False,False
2024,19,8,A.St. Brown,DET,0.4295634920634921,False,False
2024,19,9,D.Adams,NYJ,0.4192857142857143,False,False
2024,19,10,J.Gibbs,DET,0.3861607142857143,False,False
2024,20,1,C.Hubbard,CAR,0.57,False,False
2024,20,2,B.Robinson,ATL,0.5614285714285714,False,False
2024,20,3,B.Cooks,DAL,0.5357142857142856,False,False
2024,20,4,J.Whyle,TEN,0.4857142857142857,False,False
2024,20,5,J.Dotson,PHI,0.47857142857142854,False,False
2024,20,6,H.Henry,NE,0.45999999999999996,False,False
2024,20,7,J.Gibbs,DET,0.4198412698412698,True,True
2024,20,8,A.Brown,PHI,0.419047619047619,False,False
2024,20,9,J.Taylor,IND,0.40904761904761905,False,False
2024,20,10,C.Brown,CIN,0.3991758241758242,False,False
2024,21,1,B.Robinson,ATL,0.6,False,False
2024,21,2,B.Cooks,DAL,0.5499999999999999,False,False
2024,21,3,C.Brown,CIN,0.5126373626373626,False,False
2024,21,4,J.Whyle,TEN,0.4928571428571429,False,False
2024,21,5,J.Dotson,PHI,0.47857142857142854,False,False
2024,21,6,J.Chase,CIN,0.4368406593406593,False,False
2024,21,7,J.Taylor,IND,0.43499999999999994,False,False
2024,21,8,B.Robinson,WAS,0.4204274891774892,False,False
2024,21,9,A.Abdullah,LV,0.4057142857142857,False,False
2024,21,10,R.Dowdle,DAL,0.39285714285714285,False,False
2024,22,1,B.Robinson,ATL,0.6,False,False
2024,22,2,R.Dowdle,DAL,0.5833333333333334,False,False
2024,22,3,B.Cooks,DAL,0.5,False,False
2024,22,4,A.Brown,PHI,0.4666666666666667,True,True
2024,22,5,H.Haskins,LAC,0.4666666666666667,False,False
2024,22,6,J.Whyle,TEN,0.4583333333333333,False,False
2024,22,7,J.Dotson,PHI,0.4583333333333333,False,False
2024,22,8,M.Carter,ARI,0.4541666666666666,False,False
2024,22,9,D.Adams,NYJ,0.4416666666666667,False,False
2024,22,10,J.Gibbs,DET,0.4141666666666667,False,False
